mu,covariates,alpha precision,kl divergence,wrong assignment,likelihood
1.0,20.0,0.8205310344827587,0.8182308631568561,0.02400000000000002,-193976.55711601354
2.0,20.0,0.7762,0.77987339271961,0.024499999999999966,-438970.4756833439
3.0,20.0,0.960267816091954,0.35467650980350596,0.013499999999999956,-823973.179929325
4.0,20.0,0.7310310344827586,0.44000627390985836,0.014000000000000012,-1372214.6681718868
5.0,20.0,0.7864931034482758,0.39565608474330494,0.01649999999999996,-inf
