epsilon,f,c,d,avg_u_pehe
40.0,0.782032667876588,0.0662049861495847,0.34823054919130536,13.658831421285868
40.0,0.5855955678670359,0.11477377654662979,0.609814656832818,5.914413318037987
40.0,0.922138376794982,0.1669436749769161,0.25458744221534224,7.865575850009918
45.0,0.9082720412646862,0.2136657433056326,0.23048697625416104,22.538890838623047
45.0,0.6893813481071098,0.12686980609418286,0.4122091539675129,5.013644486665726
45.0,0.8564523832266692,0.21819021237303782,0.3274803636846778,8.106236934661865
50.0,0.886050880376986,0.22446906740535555,0.6582567548906131,4.6890336982905865
50.0,0.64404432132964,0.11985226223453371,0.5673053550312948,7.565131567418575
50.0,0.73601108033241,0.25281625115420125,0.5720213784601964,5.565717604011297
