method,epsilon,f,c,d,avg_u_pehe
standard,5,0.6552169898430287,0.1873499538319482,0.8459916660480405,4.452646732330322
sequential,5,0.5026777469990766,0.35337026777469993,0.3076345469646127,42.5079680532217
standard,5,0.6280701754385964,0.19335180055401657,0.3998411991419827,9.441364526748657
sequential,5,0.49067405355494,0.42659279778393355,0.3065934409987854,104.62185168266296
standard,5,0.8429904161492661,0.15771006463527237,0.6070854876086648,5.204698234796524
sequential,5,0.6030470914127424,0.2426592797783934,0.30817895238370585,54.988492488861084
standard,5,0.9117235011303213,0.32262234533702683,0.3575124686541722,4.823177523910999
sequential,5,0.49843028624192054,0.2550323176361957,0.3084860091446646,51.848440796136856
