method,epsilon,f,c,d,avg_u_pehe
standard,25,0.05780240073868892,0.058910433979686094,0.323962469307863,3.2076065242290497
sequential,25,0.07072945521698981,0.062049861495844905,0.8264864428257768,0.49366071075201035
