method,epsilon,f,c,d,avg_u_pehe
standard,1,0.33086666666666675,0.15266666666666662,0.20527690535076426,4.264735400676727
sequential,1,0.43586666666666674,0.16233333333333333,0.31107692863347647,3.8693138360977173
