method,epsilon,f,c,d,avg_u_pehe
standard,1.5,0.7725333333333334,0.20600000000000018,0.4559547016295562,4.700254917144775
sequential,1.5,0.3758,0.43366666666666676,0.41519616473026677,3.590750992298126
