method,epsilon,f,c,d,avg_u_pehe
standard,1,0.8087333333333333,0.24539999999999995,0.4130082113370749,4.638074517250061
sequential,1,0.5139333333333332,0.3606666666666667,0.3121411149061173,3.8343910574913025
