method,epsilon,f,c,d,avg_u_pehe
standard,1,0.14813333333333334,0.07406666666666673,0.38556302991535973,4.756507337093353
sequential,1,0.6146,0.44266666666666665,0.32776980224458674,3.64078825712204
standard,1,0.8658,0.2904,0.6324191530566108,4.363670289516449
sequential,1,0.6951333333333335,0.44353333333333333,0.3402204543487318,3.5192373394966125
