method,epsilon,f,c,d,avg_u_pehe
standard,15,0.2902,0.24760000000000004,0.37079161541674677,4.189249634742737
sequential,15,0.9042597701149425,0.5018,0.9146293584541846,2.4571756422519684
standard,15,0.3242666666666665,0.3232666666666667,0.3425654502719857,5.473360955715179
sequential,15,0.9110436781609196,0.41993333333333327,0.9007067972589171,2.4953376054763794
standard,15,0.5454,0.39646666666666686,0.25299929726690606,4.593757748603821
sequential,15,0.8988666666666667,0.3937333333333335,0.9241001289419408,2.507931262254715
standard,15,0.8211310344827586,0.3761333333333333,0.8316972069298285,4.18696254491806
sequential,15,0.8249931034482758,0.4475333333333332,0.8624008383369322,2.510264754295349
