method,epsilon,f,c,d,avg_u_pehe
standard,1,0.8936022988505747,0.4360666666666667,0.7388260006868208,4.431733310222626
sequential,1,0.7546666666666666,0.25160000000000005,0.29174004194436565,3.9051809906959534
standard,1,0.8034,0.28166666666666673,0.6166739311140945,4.840332269668579
sequential,1,0.9171126436781609,0.3687999999999999,0.3325103214245472,3.812118709087372
